<?xml version="1.0" ?>

<SEARCH>
	<GRAPH>
		<DESCRIPTION>
			<SHORT>null</SHORT>
			<DETAILED>null</DETAILED>
		</DESCRIPTION>

		<!-- Node Definitions -->

		<NODE>
			<NAME>00000</NAME>
			<INDEX>0</INDEX>
			<XPOS>8157.639</XPOS>
			<YPOS>5100.5054</YPOS>
			<TYPE>START</TYPE>
			<HEURISTICVALUE>0.0</HEURISTICVALUE>
		</NODE>

		<!-- Node Definitions -->

		<NODE>
			<NAME>11111</NAME>
			<INDEX>1</INDEX>
			<XPOS>8154.4194</XPOS>
			<YPOS>5389.495</YPOS>
			<TYPE>GOAL</TYPE>
			<HEURISTICVALUE>0.0</HEURISTICVALUE>
		</NODE>

		<!-- Node Definitions -->

		<NODE>
			<NAME>00111</NAME>
			<INDEX>2</INDEX>
			<XPOS>8044.599</XPOS>
			<YPOS>5155.385</YPOS>
			<TYPE>REGULAR</TYPE>
			<HEURISTICVALUE>0.0</HEURISTICVALUE>
		</NODE>

		<!-- Node Definitions -->

		<NODE>
			<NAME>01011</NAME>
			<INDEX>3</INDEX>
			<XPOS>8084.6895</XPOS>
			<YPOS>5154.794</YPOS>
			<TYPE>REGULAR</TYPE>
			<HEURISTICVALUE>0.0</HEURISTICVALUE>
		</NODE>

		<!-- Node Definitions -->

		<NODE>
			<NAME>10011</NAME>
			<INDEX>4</INDEX>
			<XPOS>8129.498</XPOS>
			<YPOS>5155.385</YPOS>
			<TYPE>REGULAR</TYPE>
			<HEURISTICVALUE>0.0</HEURISTICVALUE>
		</NODE>

		<!-- Node Definitions -->

		<NODE>
			<NAME>01101</NAME>
			<INDEX>5</INDEX>
			<XPOS>8173.716</XPOS>
			<YPOS>5154.204</YPOS>
			<TYPE>REGULAR</TYPE>
			<HEURISTICVALUE>0.0</HEURISTICVALUE>
		</NODE>

		<!-- Node Definitions -->

		<NODE>
			<NAME>10101</NAME>
			<INDEX>6</INDEX>
			<XPOS>8210.86</XPOS>
			<YPOS>5151.846</YPOS>
			<TYPE>REGULAR</TYPE>
			<HEURISTICVALUE>0.0</HEURISTICVALUE>
		</NODE>

		<!-- Node Definitions -->

		<NODE>
			<NAME>11001</NAME>
			<INDEX>7</INDEX>
			<XPOS>8248.004</XPOS>
			<YPOS>5152.4355</YPOS>
			<TYPE>REGULAR</TYPE>
			<HEURISTICVALUE>0.0</HEURISTICVALUE>
		</NODE>

		<!-- Node Definitions -->

		<NODE>
			<NAME>00010</NAME>
			<INDEX>8</INDEX>
			<XPOS>8031.0376</XPOS>
			<YPOS>5220.238</YPOS>
			<TYPE>REGULAR</TYPE>
			<HEURISTICVALUE>0.0</HEURISTICVALUE>
		</NODE>

		<!-- Node Definitions -->

		<NODE>
			<NAME>00100</NAME>
			<INDEX>9</INDEX>
			<XPOS>8095.892</XPOS>
			<YPOS>5220.238</YPOS>
			<TYPE>REGULAR</TYPE>
			<HEURISTICVALUE>0.0</HEURISTICVALUE>
		</NODE>

		<!-- Node Definitions -->

		<NODE>
			<NAME>01000</NAME>
			<INDEX>10</INDEX>
			<XPOS>8189.6367</XPOS>
			<YPOS>5219.649</YPOS>
			<TYPE>REGULAR</TYPE>
			<HEURISTICVALUE>0.0</HEURISTICVALUE>
		</NODE>

		<!-- Node Definitions -->

		<NODE>
			<NAME>10000</NAME>
			<INDEX>11</INDEX>
			<XPOS>8297.529</XPOS>
			<YPOS>5219.649</YPOS>
			<TYPE>REGULAR</TYPE>
			<HEURISTICVALUE>0.0</HEURISTICVALUE>
		</NODE>

		<!-- Node Definitions -->

		<NODE>
			<NAME>01111</NAME>
			<INDEX>12</INDEX>
			<XPOS>8022.7837</XPOS>
			<YPOS>5290.3984</YPOS>
			<TYPE>REGULAR</TYPE>
			<HEURISTICVALUE>0.0</HEURISTICVALUE>
		</NODE>

		<!-- Node Definitions -->

		<NODE>
			<NAME>10111</NAME>
			<INDEX>13</INDEX>
			<XPOS>8095.892</XPOS>
			<YPOS>5285.6816</YPOS>
			<TYPE>REGULAR</TYPE>
			<HEURISTICVALUE>0.0</HEURISTICVALUE>
		</NODE>

		<!-- Node Definitions -->

		<NODE>
			<NAME>11011</NAME>
			<INDEX>14</INDEX>
			<XPOS>8186.099</XPOS>
			<YPOS>5285.6816</YPOS>
			<TYPE>REGULAR</TYPE>
			<HEURISTICVALUE>0.0</HEURISTICVALUE>
		</NODE>

		<!-- Node Definitions -->

		<NODE>
			<NAME>11101</NAME>
			<INDEX>15</INDEX>
			<XPOS>8297.529</XPOS>
			<YPOS>5282.144</YPOS>
			<TYPE>REGULAR</TYPE>
			<HEURISTICVALUE>0.0</HEURISTICVALUE>
		</NODE>

		<!-- Node Definitions -->

		<NODE>
			<NAME>00110</NAME>
			<INDEX>16</INDEX>
			<XPOS>8025.733</XPOS>
			<YPOS>5338.7437</YPOS>
			<TYPE>REGULAR</TYPE>
			<HEURISTICVALUE>0.0</HEURISTICVALUE>
		</NODE>

		<!-- Node Definitions -->

		<NODE>
			<NAME>01010</NAME>
			<INDEX>17</INDEX>
			<XPOS>8083.5117</XPOS>
			<YPOS>5341.1025</YPOS>
			<TYPE>REGULAR</TYPE>
			<HEURISTICVALUE>0.0</HEURISTICVALUE>
		</NODE>

		<!-- Node Definitions -->

		<NODE>
			<NAME>10010</NAME>
			<INDEX>18</INDEX>
			<XPOS>8131.8564</XPOS>
			<YPOS>5338.7437</YPOS>
			<TYPE>REGULAR</TYPE>
			<HEURISTICVALUE>0.0</HEURISTICVALUE>
		</NODE>

		<!-- Node Definitions -->

		<NODE>
			<NAME>01100</NAME>
			<INDEX>19</INDEX>
			<XPOS>8193.765</XPOS>
			<YPOS>5336.3853</YPOS>
			<TYPE>REGULAR</TYPE>
			<HEURISTICVALUE>0.0</HEURISTICVALUE>
		</NODE>

		<!-- Node Definitions -->

		<NODE>
			<NAME>10100</NAME>
			<INDEX>20</INDEX>
			<XPOS>8268.05</XPOS>
			<YPOS>5334.6167</YPOS>
			<TYPE>REGULAR</TYPE>
			<HEURISTICVALUE>0.0</HEURISTICVALUE>
		</NODE>

		<!-- Node Definitions -->

		<NODE>
			<NAME>11000</NAME>
			<INDEX>21</INDEX>
			<XPOS>8315.216</XPOS>
			<YPOS>5335.2065</YPOS>
			<TYPE>REGULAR</TYPE>
			<HEURISTICVALUE>0.0</HEURISTICVALUE>
		</NODE>

		<!-- Edge Definitions -->

		<EDGE>
			<STARTINDEX>0</STARTINDEX>
			<ENDINDEX>2</ENDINDEX>
			<COST>8.0</COST>
		</EDGE>
		<EDGE>
			<STARTINDEX>0</STARTINDEX>
			<ENDINDEX>3</ENDINDEX>
			<COST>8.0</COST>
		</EDGE>
		<EDGE>
			<STARTINDEX>0</STARTINDEX>
			<ENDINDEX>4</ENDINDEX>
			<COST>8.0</COST>
		</EDGE>
		<EDGE>
			<STARTINDEX>0</STARTINDEX>
			<ENDINDEX>5</ENDINDEX>
			<COST>4.0</COST>
		</EDGE>
		<EDGE>
			<STARTINDEX>0</STARTINDEX>
			<ENDINDEX>6</ENDINDEX>
			<COST>4.0</COST>
		</EDGE>
		<EDGE>
			<STARTINDEX>0</STARTINDEX>
			<ENDINDEX>7</ENDINDEX>
			<COST>2.0</COST>
		</EDGE>
		<EDGE>
			<STARTINDEX>2</STARTINDEX>
			<ENDINDEX>8</ENDINDEX>
			<COST>4.0</COST>
		</EDGE>
		<EDGE>
			<STARTINDEX>3</STARTINDEX>
			<ENDINDEX>8</ENDINDEX>
			<COST>2.0</COST>
		</EDGE>
		<EDGE>
			<STARTINDEX>4</STARTINDEX>
			<ENDINDEX>8</ENDINDEX>
			<COST>1.0</COST>
		</EDGE>
		<EDGE>
			<STARTINDEX>2</STARTINDEX>
			<ENDINDEX>9</ENDINDEX>
			<COST>8.0</COST>
		</EDGE>
		<EDGE>
			<STARTINDEX>5</STARTINDEX>
			<ENDINDEX>9</ENDINDEX>
			<COST>2.0</COST>
		</EDGE>
		<EDGE>
			<STARTINDEX>6</STARTINDEX>
			<ENDINDEX>9</ENDINDEX>
			<COST>1.0</COST>
		</EDGE>
		<EDGE>
			<STARTINDEX>3</STARTINDEX>
			<ENDINDEX>10</ENDINDEX>
			<COST>8.0</COST>
		</EDGE>
		<EDGE>
			<STARTINDEX>5</STARTINDEX>
			<ENDINDEX>10</ENDINDEX>
			<COST>4.0</COST>
		</EDGE>
		<EDGE>
			<STARTINDEX>7</STARTINDEX>
			<ENDINDEX>10</ENDINDEX>
			<COST>1.0</COST>
		</EDGE>
		<EDGE>
			<STARTINDEX>4</STARTINDEX>
			<ENDINDEX>11</ENDINDEX>
			<COST>8.0</COST>
		</EDGE>
		<EDGE>
			<STARTINDEX>6</STARTINDEX>
			<ENDINDEX>11</ENDINDEX>
			<COST>4.0</COST>
		</EDGE>
		<EDGE>
			<STARTINDEX>7</STARTINDEX>
			<ENDINDEX>11</ENDINDEX>
			<COST>2.0</COST>
		</EDGE>
		<EDGE>
			<STARTINDEX>8</STARTINDEX>
			<ENDINDEX>12</ENDINDEX>
			<COST>4.0</COST>
		</EDGE>
		<EDGE>
			<STARTINDEX>9</STARTINDEX>
			<ENDINDEX>12</ENDINDEX>
			<COST>8.0</COST>
		</EDGE>
		<EDGE>
			<STARTINDEX>10</STARTINDEX>
			<ENDINDEX>12</ENDINDEX>
			<COST>8.0</COST>
		</EDGE>
		<EDGE>
			<STARTINDEX>8</STARTINDEX>
			<ENDINDEX>13</ENDINDEX>
			<COST>4.0</COST>
		</EDGE>
		<EDGE>
			<STARTINDEX>9</STARTINDEX>
			<ENDINDEX>13</ENDINDEX>
			<COST>8.0</COST>
		</EDGE>
		<EDGE>
			<STARTINDEX>11</STARTINDEX>
			<ENDINDEX>13</ENDINDEX>
			<COST>8.0</COST>
		</EDGE>
		<EDGE>
			<STARTINDEX>8</STARTINDEX>
			<ENDINDEX>14</ENDINDEX>
			<COST>2.0</COST>
		</EDGE>
		<EDGE>
			<STARTINDEX>10</STARTINDEX>
			<ENDINDEX>14</ENDINDEX>
			<COST>8.0</COST>
		</EDGE>
		<EDGE>
			<STARTINDEX>11</STARTINDEX>
			<ENDINDEX>14</ENDINDEX>
			<COST>8.0</COST>
		</EDGE>
		<EDGE>
			<STARTINDEX>9</STARTINDEX>
			<ENDINDEX>15</ENDINDEX>
			<COST>2.0</COST>
		</EDGE>
		<EDGE>
			<STARTINDEX>10</STARTINDEX>
			<ENDINDEX>15</ENDINDEX>
			<COST>4.0</COST>
		</EDGE>
		<EDGE>
			<STARTINDEX>11</STARTINDEX>
			<ENDINDEX>15</ENDINDEX>
			<COST>4.0</COST>
		</EDGE>
		<EDGE>
			<STARTINDEX>12</STARTINDEX>
			<ENDINDEX>16</ENDINDEX>
			<COST>2.0</COST>
		</EDGE>
		<EDGE>
			<STARTINDEX>12</STARTINDEX>
			<ENDINDEX>17</ENDINDEX>
			<COST>4.0</COST>
		</EDGE>
		<EDGE>
			<STARTINDEX>13</STARTINDEX>
			<ENDINDEX>16</ENDINDEX>
			<COST>1.0</COST>
		</EDGE>
		<EDGE>
			<STARTINDEX>13</STARTINDEX>
			<ENDINDEX>18</ENDINDEX>
			<COST>4.0</COST>
		</EDGE>
		<EDGE>
			<STARTINDEX>13</STARTINDEX>
			<ENDINDEX>20</ENDINDEX>
			<COST>8.0</COST>
		</EDGE>
		<EDGE>
			<STARTINDEX>14</STARTINDEX>
			<ENDINDEX>18</ENDINDEX>
			<COST>2.0</COST>
		</EDGE>
		<EDGE>
			<STARTINDEX>14</STARTINDEX>
			<ENDINDEX>21</ENDINDEX>
			<COST>1.08</COST>
		</EDGE>
		<EDGE>
			<STARTINDEX>14</STARTINDEX>
			<ENDINDEX>17</ENDINDEX>
			<COST>1.0</COST>
		</EDGE>
		<EDGE>
			<STARTINDEX>15</STARTINDEX>
			<ENDINDEX>19</ENDINDEX>
			<COST>1.0</COST>
		</EDGE>
		<EDGE>
			<STARTINDEX>12</STARTINDEX>
			<ENDINDEX>19</ENDINDEX>
			<COST>8.0</COST>
		</EDGE>
		<EDGE>
			<STARTINDEX>15</STARTINDEX>
			<ENDINDEX>20</ENDINDEX>
			<COST>2.0</COST>
		</EDGE>
		<EDGE>
			<STARTINDEX>15</STARTINDEX>
			<ENDINDEX>21</ENDINDEX>
			<COST>4.0</COST>
		</EDGE>
		<EDGE>
			<STARTINDEX>21</STARTINDEX>
			<ENDINDEX>1</ENDINDEX>
			<COST>8.0</COST>
		</EDGE>
		<EDGE>
			<STARTINDEX>20</STARTINDEX>
			<ENDINDEX>1</ENDINDEX>
			<COST>8.0</COST>
		</EDGE>
		<EDGE>
			<STARTINDEX>19</STARTINDEX>
			<ENDINDEX>1</ENDINDEX>
			<COST>8.0</COST>
		</EDGE>
		<EDGE>
			<STARTINDEX>18</STARTINDEX>
			<ENDINDEX>1</ENDINDEX>
			<COST>4.0</COST>
		</EDGE>
		<EDGE>
			<STARTINDEX>17</STARTINDEX>
			<ENDINDEX>1</ENDINDEX>
			<COST>4.0</COST>
		</EDGE>
		<EDGE>
			<STARTINDEX>16</STARTINDEX>
			<ENDINDEX>1</ENDINDEX>
			<COST>2.0</COST>
		</EDGE>

		<!-- Heuristic Settings -->

		<HEURISTIC value="MANUAL"></HEURISTIC>
		<EDGECOSTS value="MANUAL"></EDGECOSTS>

	</GRAPH>
</SEARCH>
